--
-- PostgreSQL database dump
--

-- Dumped from database version 17.6 (Debian 17.6-1.pgdg13+1)
-- Dumped by pg_dump version 17.5 (Debian 17.5-1.pgdg130+1)

SET statement_timeout = 0;
SET lock_timeout = 0;
SET idle_in_transaction_session_timeout = 0;
SET transaction_timeout = 0;
SET client_encoding = 'UTF8';
SET standard_conforming_strings = on;
SELECT pg_catalog.set_config('search_path', '', false);
SET check_function_bodies = false;
SET xmloption = content;
SET client_min_messages = warning;
SET row_security = off;

--
-- Name: public; Type: SCHEMA; Schema: -; Owner: postgres
--

-- *not* creating schema, since initdb creates it


ALTER SCHEMA public OWNER TO postgres;

--
-- Name: SCHEMA public; Type: COMMENT; Schema: -; Owner: postgres
--

COMMENT ON SCHEMA public IS '';


SET default_tablespace = '';

SET default_table_access_method = heap;

--
-- Name: auth_group; Type: TABLE; Schema: public; Owner: postgres
--

CREATE TABLE public.auth_group (
    id integer NOT NULL,
    name character varying(150) NOT NULL
);


ALTER TABLE public.auth_group OWNER TO postgres;

--
-- Name: auth_group_id_seq; Type: SEQUENCE; Schema: public; Owner: postgres
--

ALTER TABLE public.auth_group ALTER COLUMN id ADD GENERATED BY DEFAULT AS IDENTITY (
    SEQUENCE NAME public.auth_group_id_seq
    START WITH 1
    INCREMENT BY 1
    NO MINVALUE
    NO MAXVALUE
    CACHE 1
);


--
-- Name: auth_group_permissions; Type: TABLE; Schema: public; Owner: postgres
--

CREATE TABLE public.auth_group_permissions (
    id bigint NOT NULL,
    group_id integer NOT NULL,
    permission_id integer NOT NULL
);


ALTER TABLE public.auth_group_permissions OWNER TO postgres;

--
-- Name: auth_group_permissions_id_seq; Type: SEQUENCE; Schema: public; Owner: postgres
--

ALTER TABLE public.auth_group_permissions ALTER COLUMN id ADD GENERATED BY DEFAULT AS IDENTITY (
    SEQUENCE NAME public.auth_group_permissions_id_seq
    START WITH 1
    INCREMENT BY 1
    NO MINVALUE
    NO MAXVALUE
    CACHE 1
);


--
-- Name: auth_permission; Type: TABLE; Schema: public; Owner: postgres
--

CREATE TABLE public.auth_permission (
    id integer NOT NULL,
    name character varying(255) NOT NULL,
    content_type_id integer NOT NULL,
    codename character varying(100) NOT NULL
);


ALTER TABLE public.auth_permission OWNER TO postgres;

--
-- Name: auth_permission_id_seq; Type: SEQUENCE; Schema: public; Owner: postgres
--

ALTER TABLE public.auth_permission ALTER COLUMN id ADD GENERATED BY DEFAULT AS IDENTITY (
    SEQUENCE NAME public.auth_permission_id_seq
    START WITH 1
    INCREMENT BY 1
    NO MINVALUE
    NO MAXVALUE
    CACHE 1
);


--
-- Name: authentication_passwordresetrequest; Type: TABLE; Schema: public; Owner: postgres
--

CREATE TABLE public.authentication_passwordresetrequest (
    id bigint NOT NULL,
    reason text NOT NULL,
    status character varying(20) NOT NULL,
    temporary_password character varying(50),
    expires_at timestamp with time zone,
    created_at timestamp with time zone NOT NULL,
    processed_at timestamp with time zone,
    processed_by_id bigint,
    supervisor_id bigint NOT NULL,
    user_id bigint NOT NULL
);


ALTER TABLE public.authentication_passwordresetrequest OWNER TO postgres;

--
-- Name: authentication_passwordresetrequest_id_seq; Type: SEQUENCE; Schema: public; Owner: postgres
--

ALTER TABLE public.authentication_passwordresetrequest ALTER COLUMN id ADD GENERATED BY DEFAULT AS IDENTITY (
    SEQUENCE NAME public.authentication_passwordresetrequest_id_seq
    START WITH 1
    INCREMENT BY 1
    NO MINVALUE
    NO MAXVALUE
    CACHE 1
);


--
-- Name: authentication_user; Type: TABLE; Schema: public; Owner: postgres
--

CREATE TABLE public.authentication_user (
    id bigint NOT NULL,
    password character varying(128) NOT NULL,
    last_login timestamp with time zone,
    is_superuser boolean NOT NULL,
    username character varying(150) NOT NULL,
    email character varying(254) NOT NULL,
    is_staff boolean NOT NULL,
    is_active boolean NOT NULL,
    date_joined timestamp with time zone NOT NULL,
    first_name character varying(50) NOT NULL,
    last_name character varying(50) NOT NULL,
    deleted_at timestamp with time zone,
    created_at timestamp with time zone NOT NULL,
    supervisor_id bigint,
    worksite_id bigint,
    division_id bigint,
    phone_number character varying(20) NOT NULL
);


ALTER TABLE public.authentication_user OWNER TO postgres;

--
-- Name: authentication_user_groups; Type: TABLE; Schema: public; Owner: postgres
--

CREATE TABLE public.authentication_user_groups (
    id bigint NOT NULL,
    user_id bigint NOT NULL,
    group_id integer NOT NULL
);


ALTER TABLE public.authentication_user_groups OWNER TO postgres;

--
-- Name: authentication_user_groups_id_seq; Type: SEQUENCE; Schema: public; Owner: postgres
--

ALTER TABLE public.authentication_user_groups ALTER COLUMN id ADD GENERATED BY DEFAULT AS IDENTITY (
    SEQUENCE NAME public.authentication_user_groups_id_seq
    START WITH 1
    INCREMENT BY 1
    NO MINVALUE
    NO MAXVALUE
    CACHE 1
);


--
-- Name: authentication_user_id_seq; Type: SEQUENCE; Schema: public; Owner: postgres
--

ALTER TABLE public.authentication_user ALTER COLUMN id ADD GENERATED BY DEFAULT AS IDENTITY (
    SEQUENCE NAME public.authentication_user_id_seq
    START WITH 1
    INCREMENT BY 1
    NO MINVALUE
    NO MAXVALUE
    CACHE 1
);


--
-- Name: authentication_user_user_permissions; Type: TABLE; Schema: public; Owner: postgres
--

CREATE TABLE public.authentication_user_user_permissions (
    id bigint NOT NULL,
    user_id bigint NOT NULL,
    permission_id integer NOT NULL
);


ALTER TABLE public.authentication_user_user_permissions OWNER TO postgres;

--
-- Name: authentication_user_user_permissions_id_seq; Type: SEQUENCE; Schema: public; Owner: postgres
--

ALTER TABLE public.authentication_user_user_permissions ALTER COLUMN id ADD GENERATED BY DEFAULT AS IDENTITY (
    SEQUENCE NAME public.authentication_user_user_permissions_id_seq
    START WITH 1
    INCREMENT BY 1
    NO MINVALUE
    NO MAXVALUE
    CACHE 1
);


--
-- Name: django_admin_log; Type: TABLE; Schema: public; Owner: postgres
--

CREATE TABLE public.django_admin_log (
    id integer NOT NULL,
    action_time timestamp with time zone NOT NULL,
    object_id text,
    object_repr character varying(200) NOT NULL,
    action_flag smallint NOT NULL,
    change_message text NOT NULL,
    content_type_id integer,
    user_id bigint NOT NULL,
    CONSTRAINT django_admin_log_action_flag_check CHECK ((action_flag >= 0))
);


ALTER TABLE public.django_admin_log OWNER TO postgres;

--
-- Name: django_admin_log_id_seq; Type: SEQUENCE; Schema: public; Owner: postgres
--

ALTER TABLE public.django_admin_log ALTER COLUMN id ADD GENERATED BY DEFAULT AS IDENTITY (
    SEQUENCE NAME public.django_admin_log_id_seq
    START WITH 1
    INCREMENT BY 1
    NO MINVALUE
    NO MAXVALUE
    CACHE 1
);


--
-- Name: django_content_type; Type: TABLE; Schema: public; Owner: postgres
--

CREATE TABLE public.django_content_type (
    id integer NOT NULL,
    app_label character varying(100) NOT NULL,
    model character varying(100) NOT NULL
);


ALTER TABLE public.django_content_type OWNER TO postgres;

--
-- Name: django_content_type_id_seq; Type: SEQUENCE; Schema: public; Owner: postgres
--

ALTER TABLE public.django_content_type ALTER COLUMN id ADD GENERATED BY DEFAULT AS IDENTITY (
    SEQUENCE NAME public.django_content_type_id_seq
    START WITH 1
    INCREMENT BY 1
    NO MINVALUE
    NO MAXVALUE
    CACHE 1
);


--
-- Name: django_migrations; Type: TABLE; Schema: public; Owner: postgres
--

CREATE TABLE public.django_migrations (
    id bigint NOT NULL,
    app character varying(255) NOT NULL,
    name character varying(255) NOT NULL,
    applied timestamp with time zone NOT NULL
);


ALTER TABLE public.django_migrations OWNER TO postgres;

--
-- Name: django_migrations_id_seq; Type: SEQUENCE; Schema: public; Owner: postgres
--

ALTER TABLE public.django_migrations ALTER COLUMN id ADD GENERATED BY DEFAULT AS IDENTITY (
    SEQUENCE NAME public.django_migrations_id_seq
    START WITH 1
    INCREMENT BY 1
    NO MINVALUE
    NO MAXVALUE
    CACHE 1
);


--
-- Name: django_session; Type: TABLE; Schema: public; Owner: postgres
--

CREATE TABLE public.django_session (
    session_key character varying(40) NOT NULL,
    session_data text NOT NULL,
    expire_date timestamp with time zone NOT NULL
);


ALTER TABLE public.django_session OWNER TO postgres;

--
-- Name: organization_division; Type: TABLE; Schema: public; Owner: postgres
--

CREATE TABLE public.organization_division (
    id bigint NOT NULL,
    name character varying(100) NOT NULL,
    created_by_id bigint NOT NULL
);


ALTER TABLE public.organization_division OWNER TO postgres;

--
-- Name: organization_division_id_seq; Type: SEQUENCE; Schema: public; Owner: postgres
--

ALTER TABLE public.organization_division ALTER COLUMN id ADD GENERATED BY DEFAULT AS IDENTITY (
    SEQUENCE NAME public.organization_division_id_seq
    START WITH 1
    INCREMENT BY 1
    NO MINVALUE
    NO MAXVALUE
    CACHE 1
);


--
-- Name: organization_division_worksites; Type: TABLE; Schema: public; Owner: postgres
--

CREATE TABLE public.organization_division_worksites (
    id bigint NOT NULL,
    division_id bigint NOT NULL,
    worksite_id bigint NOT NULL
);


ALTER TABLE public.organization_division_worksites OWNER TO postgres;

--
-- Name: organization_division_worksites_id_seq; Type: SEQUENCE; Schema: public; Owner: postgres
--

ALTER TABLE public.organization_division_worksites ALTER COLUMN id ADD GENERATED BY DEFAULT AS IDENTITY (
    SEQUENCE NAME public.organization_division_worksites_id_seq
    START WITH 1
    INCREMENT BY 1
    NO MINVALUE
    NO MAXVALUE
    CACHE 1
);


--
-- Name: organization_worksite; Type: TABLE; Schema: public; Owner: postgres
--

CREATE TABLE public.organization_worksite (
    id bigint NOT NULL,
    address text NOT NULL,
    city character varying(100) NOT NULL,
    country character varying(50) NOT NULL,
    chief_id bigint
);


ALTER TABLE public.organization_worksite OWNER TO postgres;

--
-- Name: organization_worksite_id_seq; Type: SEQUENCE; Schema: public; Owner: postgres
--

ALTER TABLE public.organization_worksite ALTER COLUMN id ADD GENERATED BY DEFAULT AS IDENTITY (
    SEQUENCE NAME public.organization_worksite_id_seq
    START WITH 1
    INCREMENT BY 1
    NO MINVALUE
    NO MAXVALUE
    CACHE 1
);


--
-- Name: procurement_documents; Type: TABLE; Schema: public; Owner: postgres
--

CREATE TABLE public.procurement_documents (
    id uuid NOT NULL,
    document_type character varying(20) NOT NULL,
    file_name character varying(255) NOT NULL,
    file_size bigint NOT NULL,
    file_type character varying(100) NOT NULL,
    object_name character varying(500) NOT NULL,
    status character varying(20) NOT NULL,
    uploaded_at timestamp with time zone,
    created_at timestamp with time zone NOT NULL,
    updated_at timestamp with time zone NOT NULL,
    description text NOT NULL,
    metadata jsonb NOT NULL,
    request_id bigint NOT NULL,
    uploaded_by_id bigint
);


ALTER TABLE public.procurement_documents OWNER TO postgres;

--
-- Name: requisition_approvalhistory; Type: TABLE; Schema: public; Owner: postgres
--

CREATE TABLE public.requisition_approvalhistory (
    id bigint NOT NULL,
    action character varying(20) NOT NULL,
    level integer NOT NULL,
    notes text NOT NULL,
    review_notes text NOT NULL,
    created_at timestamp with time zone NOT NULL,
    user_id bigint NOT NULL,
    request_id bigint NOT NULL
);


ALTER TABLE public.requisition_approvalhistory OWNER TO postgres;

--
-- Name: requisition_approvalhistory_id_seq; Type: SEQUENCE; Schema: public; Owner: postgres
--

ALTER TABLE public.requisition_approvalhistory ALTER COLUMN id ADD GENERATED BY DEFAULT AS IDENTITY (
    SEQUENCE NAME public.requisition_approvalhistory_id_seq
    START WITH 1
    INCREMENT BY 1
    NO MINVALUE
    NO MAXVALUE
    CACHE 1
);


--
-- Name: requisition_auditlog; Type: TABLE; Schema: public; Owner: postgres
--

CREATE TABLE public.requisition_auditlog (
    id bigint NOT NULL,
    table_name character varying(50) NOT NULL,
    record_id integer NOT NULL,
    action character varying(20) NOT NULL,
    old_values jsonb,
    new_values jsonb,
    "timestamp" timestamp with time zone NOT NULL,
    user_id bigint NOT NULL
);


ALTER TABLE public.requisition_auditlog OWNER TO postgres;

--
-- Name: requisition_auditlog_id_seq; Type: SEQUENCE; Schema: public; Owner: postgres
--

ALTER TABLE public.requisition_auditlog ALTER COLUMN id ADD GENERATED BY DEFAULT AS IDENTITY (
    SEQUENCE NAME public.requisition_auditlog_id_seq
    START WITH 1
    INCREMENT BY 1
    NO MINVALUE
    NO MAXVALUE
    CACHE 1
);


--
-- Name: requisition_request; Type: TABLE; Schema: public; Owner: postgres
--

CREATE TABLE public.requisition_request (
    id bigint NOT NULL,
    request_number character varying(50) NOT NULL,
    item character varying(255) NOT NULL,
    description text NOT NULL,
    status character varying(20) NOT NULL,
    quantity numeric(10,2) NOT NULL,
    unit character varying(20) NOT NULL,
    category character varying(100) NOT NULL,
    delivery_address text NOT NULL,
    reason text NOT NULL,
    revision_count integer NOT NULL,
    revision_notes text NOT NULL,
    created_at timestamp with time zone NOT NULL,
    updated_at timestamp with time zone NOT NULL,
    submitted_at timestamp with time zone,
    created_by_id bigint NOT NULL,
    current_approver_id bigint,
    final_approver_id bigint
);


ALTER TABLE public.requisition_request OWNER TO postgres;

--
-- Name: requisition_request_id_seq; Type: SEQUENCE; Schema: public; Owner: postgres
--

ALTER TABLE public.requisition_request ALTER COLUMN id ADD GENERATED BY DEFAULT AS IDENTITY (
    SEQUENCE NAME public.requisition_request_id_seq
    START WITH 1
    INCREMENT BY 1
    NO MINVALUE
    NO MAXVALUE
    CACHE 1
);


--
-- Name: requisition_requestrevision; Type: TABLE; Schema: public; Owner: postgres
--

CREATE TABLE public.requisition_requestrevision (
    id bigint NOT NULL,
    revision_number integer NOT NULL,
    reason text NOT NULL,
    upper_management_notes text NOT NULL,
    created_at timestamp with time zone NOT NULL,
    revised_at timestamp with time zone,
    request_id bigint NOT NULL,
    requested_by_id bigint NOT NULL,
    revised_by_id bigint
);


ALTER TABLE public.requisition_requestrevision OWNER TO postgres;

--
-- Name: requisition_requestrevision_id_seq; Type: SEQUENCE; Schema: public; Owner: postgres
--

ALTER TABLE public.requisition_requestrevision ALTER COLUMN id ADD GENERATED BY DEFAULT AS IDENTITY (
    SEQUENCE NAME public.requisition_requestrevision_id_seq
    START WITH 1
    INCREMENT BY 1
    NO MINVALUE
    NO MAXVALUE
    CACHE 1
);


--
-- Data for Name: auth_group; Type: TABLE DATA; Schema: public; Owner: postgres
--

COPY public.auth_group (id, name) FROM stdin;
1	Purchasing
2	Administrator
3	Supervisor
4	Employee
5	Purchasing Team
\.


--
-- Data for Name: auth_group_permissions; Type: TABLE DATA; Schema: public; Owner: postgres
--

COPY public.auth_group_permissions (id, group_id, permission_id) FROM stdin;
1	2	25
2	2	26
3	2	27
4	2	28
5	2	9
6	2	10
7	2	11
8	2	12
9	2	41
10	2	42
11	2	43
12	2	44
13	2	29
14	2	30
15	2	31
16	2	32
17	3	41
18	3	42
19	3	44
20	3	28
21	3	32
22	4	41
23	4	44
24	5	42
25	5	44
26	5	28
27	5	32
\.


--
-- Data for Name: auth_permission; Type: TABLE DATA; Schema: public; Owner: postgres
--

COPY public.auth_permission (id, name, content_type_id, codename) FROM stdin;
1	Can add log entry	1	add_logentry
2	Can change log entry	1	change_logentry
3	Can delete log entry	1	delete_logentry
4	Can view log entry	1	view_logentry
5	Can add permission	2	add_permission
6	Can change permission	2	change_permission
7	Can delete permission	2	delete_permission
8	Can view permission	2	view_permission
9	Can add group	3	add_group
10	Can change group	3	change_group
11	Can delete group	3	delete_group
12	Can view group	3	view_group
13	Can add content type	4	add_contenttype
14	Can change content type	4	change_contenttype
15	Can delete content type	4	delete_contenttype
16	Can view content type	4	view_contenttype
17	Can add session	5	add_session
18	Can change session	5	change_session
19	Can delete session	5	delete_session
20	Can view session	5	view_session
21	Can add password reset request	6	add_passwordresetrequest
22	Can change password reset request	6	change_passwordresetrequest
23	Can delete password reset request	6	delete_passwordresetrequest
24	Can view password reset request	6	view_passwordresetrequest
25	Can add user	7	add_user
26	Can change user	7	change_user
27	Can delete user	7	delete_user
28	Can view user	7	view_user
29	Can add worksite	8	add_worksite
30	Can change worksite	8	change_worksite
31	Can delete worksite	8	delete_worksite
32	Can view worksite	8	view_worksite
33	Can add division	9	add_division
34	Can change division	9	change_division
35	Can delete division	9	delete_division
36	Can view division	9	view_division
37	Can add audit log	10	add_auditlog
38	Can change audit log	10	change_auditlog
39	Can delete audit log	10	delete_auditlog
40	Can view audit log	10	view_auditlog
41	Can add request	11	add_request
42	Can change request	11	change_request
43	Can delete request	11	delete_request
44	Can view request	11	view_request
45	Can add approval history	12	add_approvalhistory
46	Can change approval history	12	change_approvalhistory
47	Can delete approval history	12	delete_approvalhistory
48	Can view approval history	12	view_approvalhistory
49	Can add request revision	13	add_requestrevision
50	Can change request revision	13	change_requestrevision
51	Can delete request revision	13	delete_requestrevision
52	Can view request revision	13	view_requestrevision
53	Can add procurement document	14	add_procurementdocument
54	Can change procurement document	14	change_procurementdocument
55	Can delete procurement document	14	delete_procurementdocument
56	Can view procurement document	14	view_procurementdocument
\.


--
-- Data for Name: authentication_passwordresetrequest; Type: TABLE DATA; Schema: public; Owner: postgres
--

COPY public.authentication_passwordresetrequest (id, reason, status, temporary_password, expires_at, created_at, processed_at, processed_by_id, supervisor_id, user_id) FROM stdin;
\.


--
-- Data for Name: authentication_user; Type: TABLE DATA; Schema: public; Owner: postgres
--

COPY public.authentication_user (id, password, last_login, is_superuser, username, email, is_staff, is_active, date_joined, first_name, last_name, deleted_at, created_at, supervisor_id, worksite_id, division_id, phone_number) FROM stdin;
1	pbkdf2_sha256$1000000$2m2B55K7DU2kerLoP0GLv7$9dRX7Fe2jWfF1T2TorrU4Op29wrvh84MZYI7xpRLNpw=	\N	t	admin		t	t	2025-09-23 09:54:37.158247+00	System	Administrator	\N	2025-09-23 09:54:37.158394+00	\N	\N	\N	
9	pbkdf2_sha256$1000000$UBNWUxHCif7leYe68En6lo$PiVDkVFJURCpELdZLFkX9oiDNu+et4qabzPMkLkseyE=	\N	f	mehmet.demir		f	t	2025-09-24 06:45:06.751434+00	Mehmet	Demir	\N	2025-09-24 06:45:06.751641+00	8	2	\N	
10	pbkdf2_sha256$1000000$IBWku023vBT9HJae6ZNXp1$/ciuwz1HnjD97H4Zu3zig+2U4ydFekPQ1ENkr/By76E=	\N	f	fatma.ozturk		f	t	2025-09-24 06:45:06.883934+00	Fatma	Öztürk	\N	2025-09-24 06:45:06.884147+00	8	2	\N	
11	pbkdf2_sha256$1000000$eTqSJjbqUhX1LdzsnHrydb$rT7SBulxaHb4asxCmV61Ps5PAgu3jUj8qp4km1qDlIY=	\N	f	ayse.kaya		f	t	2025-09-24 06:45:48.81534+00	Ayşe	Kaya	\N	2025-09-24 06:45:48.815564+00	9	3	\N	
12	pbkdf2_sha256$1000000$3KXHMjHfVqLzTv697tRT0i$ORhataXZAWZrpdYtOhRi68CXoy+vxIn1IXWVx6zWdl0=	\N	f	can.polat		f	t	2025-09-24 06:45:48.951047+00	Can	Polat	\N	2025-09-24 06:45:48.951301+00	9	4	\N	
13	pbkdf2_sha256$1000000$QwRWa6sU8zBKjDsnJqm4pe$NrvU6+N3qNT7tfCQ5hNaCztvIGX3iFl4ONpFNO39+JQ=	\N	f	zeynep.aydin		f	t	2025-09-24 06:45:49.090151+00	Zeynep	Aydın	\N	2025-09-24 06:45:49.090351+00	9	5	\N	
14	pbkdf2_sha256$1000000$Ty6uEAA022LAJXo3B560CM$kRZcyzt3ohxUvuwPptb9DYQzE1f+IWjszM97HoP8WFU=	\N	f	ali.celik		f	t	2025-09-24 06:46:31.536965+00	Ali	Çelik	\N	2025-09-24 06:46:31.537254+00	11	3	\N	
15	pbkdf2_sha256$1000000$Bb3zp03M5ye3dQJvWoe3ZT$kI2agyDm4IzQM3zC0fxXnWs3HkuHB/k5eIeUljCN358=	\N	f	mustafa.arslan		f	t	2025-09-24 06:46:31.673334+00	Mustafa	Arslan	\N	2025-09-24 06:46:31.673496+00	14	3	\N	
16	pbkdf2_sha256$1000000$GJuLTESmT2oMzXFLQDO92J$TG8hIzefl78BeYPOwVsRMWdN5UsXVNOhs7P5LigM40c=	\N	f	ibrahim.koc		f	t	2025-09-24 06:46:31.818704+00	İbrahim	Koç	\N	2025-09-24 06:46:31.818869+00	14	3	\N	
17	pbkdf2_sha256$1000000$4XyC07G4MFIg1naZSLJSOt$Fe8Q6Tv5LH8H7Pids97oX0oZbal+hMSF78bIEstpY8I=	\N	f	hasan.yildirim		f	t	2025-09-24 06:46:31.95875+00	Hasan	Yıldırım	\N	2025-09-24 06:46:31.958951+00	12	4	\N	
18	pbkdf2_sha256$1000000$maRGletjrq0lEv1xRVUBCT$0p/jP1f5gpUeInPRwBaXvhdEROJP6sBh9CGAWnOmePI=	\N	f	emre.sahin		f	t	2025-09-24 06:47:15.241427+00	Emre	Şahin	\N	2025-09-24 06:47:15.241684+00	17	4	\N	
19	pbkdf2_sha256$1000000$A6D9ZJfygawnNH0ohWAwWv$hdh4EMcFb2VfBT3ph0RnFOJA8s4nuZaNjUEuXG8XKS8=	\N	f	osman.ozkan		f	t	2025-09-24 06:47:15.389328+00	Osman	Özkan	\N	2025-09-24 06:47:15.389525+00	13	5	\N	
20	pbkdf2_sha256$1000000$txOY2geqQtioVEMmgJhME1$HcCzzrqL42VmQlXqjW/d5uVBkwJSTO9FsnJ+PlmyZa0=	\N	f	seda.kurt		f	t	2025-09-24 06:47:15.517159+00	Seda	Kurt	\N	2025-09-24 06:47:15.517393+00	8	2	\N	
8	pbkdf2_sha256$1000000$O20jRmhL6e89tGngo7Rgsa$eAEWHmg9TIua6J1kR1uVsh6VmhCDzGsLh8LiR9bXVZA=	\N	t	ahmet.yilmaz		t	t	2025-09-24 06:45:06.613574+00	Ahmet	Yılmaz	\N	2025-09-24 06:45:06.61378+00	\N	2	\N	
\.


--
-- Data for Name: authentication_user_groups; Type: TABLE DATA; Schema: public; Owner: postgres
--

COPY public.authentication_user_groups (id, user_id, group_id) FROM stdin;
7	8	2
8	9	3
9	10	1
10	11	3
11	12	3
12	13	3
13	14	3
14	15	4
15	16	4
16	17	3
17	18	4
18	19	4
19	20	4
\.


--
-- Data for Name: authentication_user_user_permissions; Type: TABLE DATA; Schema: public; Owner: postgres
--

COPY public.authentication_user_user_permissions (id, user_id, permission_id) FROM stdin;
\.


--
-- Data for Name: django_admin_log; Type: TABLE DATA; Schema: public; Owner: postgres
--

COPY public.django_admin_log (id, action_time, object_id, object_repr, action_flag, change_message, content_type_id, user_id) FROM stdin;
\.


--
-- Data for Name: django_content_type; Type: TABLE DATA; Schema: public; Owner: postgres
--

COPY public.django_content_type (id, app_label, model) FROM stdin;
1	admin	logentry
2	auth	permission
3	auth	group
4	contenttypes	contenttype
5	sessions	session
6	authentication	passwordresetrequest
7	authentication	user
8	organization	worksite
9	organization	division
10	requisition	auditlog
11	requisition	request
12	requisition	approvalhistory
13	requisition	requestrevision
14	requisition	procurementdocument
\.


--
-- Data for Name: django_migrations; Type: TABLE DATA; Schema: public; Owner: postgres
--

COPY public.django_migrations (id, app, name, applied) FROM stdin;
1	contenttypes	0001_initial	2025-09-23 09:54:35.848171+00
2	contenttypes	0002_remove_content_type_name	2025-09-23 09:54:35.850433+00
3	auth	0001_initial	2025-09-23 09:54:35.858659+00
4	auth	0002_alter_permission_name_max_length	2025-09-23 09:54:35.860524+00
5	auth	0003_alter_user_email_max_length	2025-09-23 09:54:35.862447+00
6	auth	0004_alter_user_username_opts	2025-09-23 09:54:35.864375+00
7	auth	0005_alter_user_last_login_null	2025-09-23 09:54:35.866381+00
8	auth	0006_require_contenttypes_0002	2025-09-23 09:54:35.866961+00
9	auth	0007_alter_validators_add_error_messages	2025-09-23 09:54:35.868979+00
10	auth	0008_alter_user_username_max_length	2025-09-23 09:54:35.871004+00
11	auth	0009_alter_user_last_name_max_length	2025-09-23 09:54:35.872945+00
12	auth	0010_alter_group_name_max_length	2025-09-23 09:54:35.875695+00
13	auth	0011_update_proxy_permissions	2025-09-23 09:54:35.877704+00
14	auth	0012_alter_user_first_name_max_length	2025-09-23 09:54:35.879859+00
15	authentication	0001_initial	2025-09-23 09:54:35.888818+00
16	admin	0001_initial	2025-09-23 09:54:35.893984+00
17	admin	0002_logentry_remove_auto_add	2025-09-23 09:54:35.896909+00
18	admin	0003_logentry_add_action_flag_choices	2025-09-23 09:54:35.899711+00
19	requisition	0001_initial	2025-09-23 09:54:35.922327+00
20	requisition	0002_procurementdocument	2025-09-23 09:54:35.929937+00
21	organization	0001_initial	2025-09-23 09:54:35.946187+00
22	organization	0002_alter_division_created_by	2025-09-23 09:54:35.952258+00
23	authentication	0002_initial	2025-09-23 09:54:35.992353+00
24	authentication	0003_user_division	2025-09-23 09:54:36.000996+00
25	authentication	0004_alter_user_username	2025-09-23 09:54:36.00696+00
26	authentication	0005_user_phone_number	2025-09-23 09:54:36.014937+00
27	authentication	0006_purchasing_group	2025-09-23 09:54:36.024288+00
28	sessions	0001_initial	2025-09-23 09:54:36.027588+00
\.


--
-- Data for Name: django_session; Type: TABLE DATA; Schema: public; Owner: postgres
--

COPY public.django_session (session_key, session_data, expire_date) FROM stdin;
\.


--
-- Data for Name: organization_division; Type: TABLE DATA; Schema: public; Owner: postgres
--

COPY public.organization_division (id, name, created_by_id) FROM stdin;
5	İnşaat Mühendisliği	8
6	İş Güvenliği	8
7	Satınalma ve Lojistik	8
8	İdari İşler	8
\.


--
-- Data for Name: organization_division_worksites; Type: TABLE DATA; Schema: public; Owner: postgres
--

COPY public.organization_division_worksites (id, division_id, worksite_id) FROM stdin;
5	5	2
6	5	3
7	5	4
8	5	5
9	6	2
10	6	3
11	6	4
12	6	5
13	7	2
14	7	3
15	7	4
16	7	5
17	8	2
18	8	3
19	8	4
20	8	5
\.


--
-- Data for Name: organization_worksite; Type: TABLE DATA; Schema: public; Owner: postgres
--

COPY public.organization_worksite (id, address, city, country, chief_id) FROM stdin;
2	Mecidiyeköy Mahallesi, Büyükdere Caddesi No:145	Merkez Ofis	İstanbul, Türkiye	\N
3	Ankara-Kırıkkale Otoyolu 15. Km	Otoyol Projesi Şantiyesi	Ankara, Türkiye	\N
4	Alsancak Liman Bölgesi	Köprü İnşaatı Şantiyesi	İzmir, Türkiye	\N
5	Hadımköy Organize Sanayi Bölgesi	Depo Tesisi	İstanbul, Türkiye	\N
6	X yerinde kurulu bir şantiye	Fransa	Turkey	13
7	Jjjhh	Ankara	Turkey	11
\.


--
-- Data for Name: procurement_documents; Type: TABLE DATA; Schema: public; Owner: postgres
--

COPY public.procurement_documents (id, document_type, file_name, file_size, file_type, object_name, status, uploaded_at, created_at, updated_at, description, metadata, request_id, uploaded_by_id) FROM stdin;
\.


--
-- Data for Name: requisition_approvalhistory; Type: TABLE DATA; Schema: public; Owner: postgres
--

COPY public.requisition_approvalhistory (id, action, level, notes, review_notes, created_at, user_id, request_id) FROM stdin;
2	submitted	0	İbrahim Koç tarafından İnşaat Demiri talebi oluşturuldu		2025-09-24 07:05:14.130263+00	16	7
3	approved	1	Seviye 1 onayı: Ali Çelik tarafından onaylandı		2025-09-24 07:05:14.137105+00	14	7
4	approved	2	Seviye 2 onayı: Ayşe Kaya tarafından onaylandı		2025-09-24 07:05:14.137972+00	11	7
5	final_approved	4	Final onay: Ayşe Kaya tarafından son onay verildi		2025-09-24 07:05:14.139428+00	11	7
6	submitted	0	Ali Çelik tarafından Toplu Güvenlik Ekipmanları talebi oluşturuldu		2025-09-24 07:05:14.142668+00	14	8
7	approved	1	Seviye 1 onayı: Ayşe Kaya tarafından onaylandı		2025-09-24 07:05:14.143434+00	11	8
8	approved	2	Seviye 2 onayı: Mehmet Demir tarafından onaylandı		2025-09-24 07:05:14.144185+00	9	8
9	final_approved	3	Final onay: Mehmet Demir tarafından son onay verildi		2025-09-24 07:05:14.14513+00	9	8
10	submitted	0	Osman Özkan tarafından Araç Bakım Malzemeleri talebi oluşturuldu		2025-09-24 07:05:14.14798+00	19	9
11	approved	1	Seviye 1 onayı: Zeynep Aydın tarafından onaylandı		2025-09-24 07:05:14.148828+00	13	9
12	approved	2	Seviye 2 onayı: Mehmet Demir tarafından onaylandı		2025-09-24 07:05:14.149553+00	9	9
13	final_approved	3	Final onay: Ahmet Yılmaz tarafından son onay verildi		2025-09-24 07:05:14.150633+00	8	9
14	submitted	0	Emre Şahin tarafından Hazır Beton talebi oluşturuldu		2025-09-24 07:05:14.153401+00	18	10
15	approved	1	Seviye 1 onayı: Hasan Yıldırım tarafından onaylandı		2025-09-24 07:05:14.154055+00	17	10
16	approved	2	Seviye 2 onayı: Can Polat tarafından onaylandı		2025-09-24 07:05:14.154709+00	12	10
17	final_approved	4	Final onay: Can Polat tarafından son onay verildi		2025-09-24 07:05:14.155832+00	12	10
18	assigned_purchasing	0	Satınalma ekibine atandı: Fatma Öztürk		2025-09-24 07:05:14.156923+00	10	10
19	submitted	0	Hasan Yıldırım tarafından Ağır İş Makinesi Parçaları talebi oluşturuldu		2025-09-24 07:05:14.159893+00	17	11
20	approved	1	Seviye 1 onayı: Can Polat tarafından onaylandı		2025-09-24 07:05:14.160828+00	12	11
21	approved	2	Seviye 2 onayı: Mehmet Demir tarafından onaylandı		2025-09-24 07:05:14.161785+00	9	11
22	final_approved	3	Final onay: Mehmet Demir tarafından son onay verildi		2025-09-24 07:05:14.162889+00	9	11
23	assigned_purchasing	0	Satınalma ekibine atandı: Fatma Öztürk		2025-09-24 07:05:14.164262+00	10	11
24	submitted	0	Mustafa Arslan tarafından Elektrik Malzemeleri talebi oluşturuldu		2025-09-24 07:05:14.166548+00	15	12
25	approved	1	Seviye 1 onayı: Ali Çelik tarafından onaylandı		2025-09-24 07:05:14.16716+00	14	12
26	approved	2	Seviye 2 onayı: Ayşe Kaya tarafından onaylandı		2025-09-24 07:05:14.167724+00	11	12
27	final_approved	4	Final onay: Ayşe Kaya tarafından son onay verildi		2025-09-24 07:05:14.168602+00	11	12
28	assigned_purchasing	0	Satınalma ekibine atandı: Fatma Öztürk		2025-09-24 07:05:14.169477+00	10	12
29	ordered	0	Sipariş verildi - Tedarikçi bilgileri sistem kayıtlarında		2025-09-24 07:05:14.170054+00	10	12
30	submitted	0	Ali Çelik tarafından İlk Yardım Malzemeleri talebi oluşturuldu		2025-09-24 07:05:14.172187+00	14	13
31	approved	1	Seviye 1 onayı: Ayşe Kaya tarafından onaylandı		2025-09-24 07:05:14.172818+00	11	13
32	approved	2	Seviye 2 onayı: Mehmet Demir tarafından onaylandı		2025-09-24 07:05:14.17342+00	9	13
33	final_approved	3	Final onay: Mehmet Demir tarafından son onay verildi		2025-09-24 07:05:14.174464+00	9	13
34	assigned_purchasing	0	Satınalma ekibine atandı: Fatma Öztürk		2025-09-24 07:05:14.175402+00	10	13
35	ordered	0	Sipariş verildi - Tedarikçi bilgileri sistem kayıtlarında		2025-09-24 07:05:14.175995+00	10	13
36	delivered	0	Teslimat tamamlandı - Otoyol Projesi Şantiyesi, Ankara adresine teslim edildi		2025-09-24 07:05:14.176579+00	10	13
37	submitted	0	Osman Özkan tarafından Dizel Yakıt talebi oluşturuldu		2025-09-24 07:05:14.178502+00	19	14
38	approved	1	Seviye 1 onayı: Zeynep Aydın tarafından onaylandı		2025-09-24 07:05:14.179136+00	13	14
39	approved	2	Seviye 2 onayı: Mehmet Demir tarafından onaylandı		2025-09-24 07:05:14.179654+00	9	14
40	final_approved	3	Final onay: Zeynep Aydın tarafından son onay verildi		2025-09-24 07:05:14.180511+00	13	14
41	assigned_purchasing	0	Satınalma ekibine atandı: Fatma Öztürk		2025-09-24 07:05:14.181346+00	10	14
42	ordered	0	Sipariş verildi - Tedarikçi bilgileri sistem kayıtlarında		2025-09-24 07:05:14.181867+00	10	14
43	delivered	0	Teslimat tamamlandı - Depo Tesisi, İstanbul adresine teslim edildi		2025-09-24 07:05:14.18233+00	10	14
44	completed	0	Talep tamamlandı - Osman Özkan tarafından onaylandı		2025-09-24 07:05:14.182824+00	19	14
45	submitted	0	İbrahim Koç tarafından Lüks Araç Kiralama talebi oluşturuldu		2025-09-24 07:05:14.185778+00	16	15
46	rejected	1	Talep reddedildi: Bütçe kısıtlaması nedeniyle reddedildi. Mevcut araç filosu yeterlidir.		2025-09-24 07:05:14.186351+00	14	15
47	submitted	0			2025-09-24 11:01:31.928868+00	1	17
\.


--
-- Data for Name: requisition_auditlog; Type: TABLE DATA; Schema: public; Owner: postgres
--

COPY public.requisition_auditlog (id, table_name, record_id, action, old_values, new_values, "timestamp", user_id) FROM stdin;
\.


--
-- Data for Name: requisition_request; Type: TABLE DATA; Schema: public; Owner: postgres
--

COPY public.requisition_request (id, request_number, item, description, status, quantity, unit, category, delivery_address, reason, revision_count, revision_notes, created_at, updated_at, submitted_at, created_by_id, current_approver_id, final_approver_id) FROM stdin;
2	REQ-2025-110147	Güvenlik Malzemeleri Seti	Yeni işçi ekibi için: 15 adet baret, 15 adet reflektörlü yelek, 15 adet güvenlik gözlüğü, 15 adet eldiven	draft	15.00	pieces	İş Güvenliği Malzemeleri	Otoyol Projesi Şantiyesi, Ankara	Yeni başlayan 15 kişilik işçi ekibi için temel güvenlik malzemeleri gerekiyor	0		2025-09-24 07:01:26.540898+00	2025-09-24 07:01:26.54091+00	\N	14	\N	\N
3	REQ-2025-7513AA	Portland Çimentosu	CEM I 42,5 R tipi, 50 kg torbalarda, kaliteli marka	draft	200.00	pieces	İnşaat Malzemeleri	Köprü İnşaatı Şantiyesi, İzmir	Köprü ayak beton dökümü için 10 ton çimento gerekiyor	0		2025-09-24 07:01:26.547811+00	2025-09-24 07:01:26.547823+00	\N	17	\N	\N
4	REQ-2025-F30CA4	Ekskavatör Kiralama	Caterpillar 320 veya eşdeğeri, operatörlü, 1 aylık kiralama	pending	1.00	pieces	Makine ve Ekipman	Otoyol Projesi Şantiyesi, Ankara	Temel kazı işleri için ekskavatör gerekiyor, mevcut makine arızalı	0		2025-09-24 07:02:28.297591+00	2025-09-24 07:02:28.297598+00	2025-09-24 07:02:28.296332+00	15	14	\N
5	REQ-2025-5453A6	Ofis Malzemeleri	A4 kağıt 50 paket, toner kartuş 10 adet, kalem seti, dosya malzemeleri	pending	1.00	pieces	Ofis Malzemeleri	Köprü İnşaatı Şantiyesi İdari Bina, İzmir	Şantiye ofisi için temel malzemeler tükendi, yeni sipariş gerekiyor	0		2025-09-24 07:02:28.305878+00	2025-09-24 07:02:28.305886+00	2025-09-24 07:02:28.30523+00	18	17	\N
6	REQ-2025-E294EF	Depo Malzemeleri	Metal raf sistemi 20 adet, plastik kasa 100 adet, etiket yazıcı 2 adet	pending	1.00	pieces	Depo ve Lojistik	Depo Tesisi, İstanbul	Yeni gelen malzemelerin düzenli depolanması için raf sistemi gerekiyor	0		2025-09-24 07:02:28.308619+00	2025-09-24 07:02:28.30863+00	2025-09-24 07:02:28.307967+00	19	13	\N
7	REQ-2025-5F5842	İnşaat Demiri	14mm çapında nervürlü inşaat demiri, TSE standartlarında, 12 metre boyunda	approved	500.00	pieces	İnşaat Malzemeleri	Otoyol Projesi Şantiyesi, Ankara	Köprü ayak armatürü için 6 ton demir gerekiyor	0		2025-09-24 07:03:02.866933+00	2025-09-24 07:03:02.86694+00	2025-09-24 07:03:02.865897+00	16	\N	11
8	REQ-2025-4B1880	Toplu Güvenlik Ekipmanları	50 adet baret, 50 adet reflektör yelek, 50 adet güvenlik ayakkabısı, 100 çift eldiven	approved	1.00	pieces	İş Güvenliği Malzemeleri	Otoyol Projesi Şantiyesi, Ankara	Yaz sezonu için işçi sayısı artacak, toplu güvenlik malzemesi siparişi gerekiyor	0		2025-09-24 07:03:02.870567+00	2025-09-24 07:03:02.870575+00	2025-09-24 07:03:02.869174+00	14	\N	9
9	REQ-2025-D4B504	Araç Bakım Malzemeleri	Motor yağı 20W50 - 200 litre, filtre seti 10 takım, fren balata 20 takım, lastik 16 adet	approved	1.00	pieces	Araç ve Ulaşım	Depo Tesisi, İstanbul	Araç filosunun periyodik bakımları için malzeme stoku tükendi	0		2025-09-24 07:03:02.873458+00	2025-09-24 07:03:02.873464+00	2025-09-24 07:03:02.872257+00	19	\N	8
10	REQ-2025-F2D420	Hazır Beton	C25/30 sınıfı hazır beton, pompaj dahil, 8 saat içinde teslimat	purchasing	150.00	m3	İnşaat Malzemeleri	Köprü İnşaatı Şantiyesi, İzmir	Köprü tabliye döküm işlemi için 150 m³ beton gerekiyor	0		2025-09-24 07:03:38.854825+00	2025-09-24 07:03:38.854833+00	2025-09-24 07:03:38.853296+00	18	\N	12
11	REQ-2025-57D04A	Ağır İş Makinesi Parçaları	Ekskavatör hidrolik hortumu 10 adet, kepçe dişi 50 adet, filtre seti 5 takım	purchasing	1.00	pieces	Makine ve Ekipman	Köprü İnşaatı Şantiyesi, İzmir	Makine parkındaki ekskavatörlerin yedek parça ihtiyacı var	0		2025-09-24 07:03:38.862892+00	2025-09-24 07:03:38.862902+00	2025-09-24 07:03:38.861442+00	17	\N	9
12	REQ-2025-5E2C31	Elektrik Malzemeleri	Bakır kablo 2.5mm 1000m, sigorta panosu 10 adet, anahtar priz seti 50 adet	ordered	1.00	pieces	Elektrik ve Aydınlatma	Otoyol Projesi Şantiyesi, Ankara	Şantiye elektrik altyapısı kurulumu için malzeme gerekiyor	0		2025-09-24 07:03:38.865856+00	2025-09-24 07:03:38.865863+00	2025-09-24 07:03:38.864772+00	15	\N	11
13	REQ-2025-0A7BA1	İlk Yardım Malzemeleri	İlk yardım çantası 10 adet, sedye 2 adet, oksijen tüpü 5 adet, acil müdahale kiti	delivered	1.00	pieces	İş Güvenliği ve Sağlık	Otoyol Projesi Şantiyesi, Ankara	Şantiye sağlık biriminin malzeme stoku yenilenmesi gerekiyor	0		2025-09-24 07:04:12.83377+00	2025-09-24 07:04:12.833777+00	2025-09-24 07:04:12.832408+00	14	\N	9
14	REQ-2025-825C82	Dizel Yakıt	Motorin 10.000 litre, tanker ile teslimat, fatura ve analiz raporu dahil	completed	10000.00	liter	Yakıt ve Enerji	Depo Tesisi, İstanbul	Jeneratör ve iş makineleri için yakıt stoku tükendi	0		2025-09-24 07:04:12.842078+00	2025-09-24 07:04:12.842103+00	2025-09-24 07:04:12.840746+00	19	\N	13
15	REQ-2025-A4D62D	Lüks Araç Kiralama	BMW X5 veya Mercedes ML sınıfı SUV araç, şoförlü, 6 aylık kiralama	rejected	1.00	pieces	Araç ve Ulaşım	Otoyol Projesi Şantiyesi, Ankara	Müşteri ziyaretleri için prestijli araç gerekiyor	0	Bütçe kısıtlaması nedeniyle reddedildi. Mevcut araç filosu yeterlidir.	2025-09-24 07:04:12.843994+00	2025-09-24 07:04:12.843998+00	2025-09-24 07:04:12.84347+00	16	\N	\N
16	REQ-2025-76F257	İnşaat Makinesi Kiralama	Buldozer, 1 aylık kiralama	revision_requested	1.00	pieces	Makine ve Ekipman	Köprü İnşaatı Şantiyesi, İzmir	Tesviye işleri için makine gerekiyor	1	Teknik özellikler eksik: Marka-model, motor gücü, bıçak genişliği ve operatör dahil mi belirtin.	2025-09-24 07:04:12.846282+00	2025-09-24 07:04:12.846287+00	2025-09-24 07:04:12.845485+00	18	17	\N
17	REQ-2025-09029B	Ürün 1	At ürünü	pending	50.00	kg	Ahır Malzemeleri	Ali Paşa Çiftliği	Hayvan bakımı için gerekli.	0		2025-09-24 11:01:31.809836+00	2025-09-24 11:01:31.930878+00	2025-09-24 11:01:31.930543+00	1	\N	\N
\.


--
-- Data for Name: requisition_requestrevision; Type: TABLE DATA; Schema: public; Owner: postgres
--

COPY public.requisition_requestrevision (id, revision_number, reason, upper_management_notes, created_at, revised_at, request_id, requested_by_id, revised_by_id) FROM stdin;
\.


--
-- Name: auth_group_id_seq; Type: SEQUENCE SET; Schema: public; Owner: postgres
--

SELECT pg_catalog.setval('public.auth_group_id_seq', 5, true);


--
-- Name: auth_group_permissions_id_seq; Type: SEQUENCE SET; Schema: public; Owner: postgres
--

SELECT pg_catalog.setval('public.auth_group_permissions_id_seq', 27, true);


--
-- Name: auth_permission_id_seq; Type: SEQUENCE SET; Schema: public; Owner: postgres
--

SELECT pg_catalog.setval('public.auth_permission_id_seq', 56, true);


--
-- Name: authentication_passwordresetrequest_id_seq; Type: SEQUENCE SET; Schema: public; Owner: postgres
--

SELECT pg_catalog.setval('public.authentication_passwordresetrequest_id_seq', 1, false);


--
-- Name: authentication_user_groups_id_seq; Type: SEQUENCE SET; Schema: public; Owner: postgres
--

SELECT pg_catalog.setval('public.authentication_user_groups_id_seq', 19, true);


--
-- Name: authentication_user_id_seq; Type: SEQUENCE SET; Schema: public; Owner: postgres
--

SELECT pg_catalog.setval('public.authentication_user_id_seq', 20, true);


--
-- Name: authentication_user_user_permissions_id_seq; Type: SEQUENCE SET; Schema: public; Owner: postgres
--

SELECT pg_catalog.setval('public.authentication_user_user_permissions_id_seq', 1, false);


--
-- Name: django_admin_log_id_seq; Type: SEQUENCE SET; Schema: public; Owner: postgres
--

SELECT pg_catalog.setval('public.django_admin_log_id_seq', 1, false);


--
-- Name: django_content_type_id_seq; Type: SEQUENCE SET; Schema: public; Owner: postgres
--

SELECT pg_catalog.setval('public.django_content_type_id_seq', 14, true);


--
-- Name: django_migrations_id_seq; Type: SEQUENCE SET; Schema: public; Owner: postgres
--

SELECT pg_catalog.setval('public.django_migrations_id_seq', 28, true);


--
-- Name: organization_division_id_seq; Type: SEQUENCE SET; Schema: public; Owner: postgres
--

SELECT pg_catalog.setval('public.organization_division_id_seq', 8, true);


--
-- Name: organization_division_worksites_id_seq; Type: SEQUENCE SET; Schema: public; Owner: postgres
--

SELECT pg_catalog.setval('public.organization_division_worksites_id_seq', 20, true);


--
-- Name: organization_worksite_id_seq; Type: SEQUENCE SET; Schema: public; Owner: postgres
--

SELECT pg_catalog.setval('public.organization_worksite_id_seq', 7, true);


--
-- Name: requisition_approvalhistory_id_seq; Type: SEQUENCE SET; Schema: public; Owner: postgres
--

SELECT pg_catalog.setval('public.requisition_approvalhistory_id_seq', 47, true);


--
-- Name: requisition_auditlog_id_seq; Type: SEQUENCE SET; Schema: public; Owner: postgres
--

SELECT pg_catalog.setval('public.requisition_auditlog_id_seq', 1, false);


--
-- Name: requisition_request_id_seq; Type: SEQUENCE SET; Schema: public; Owner: postgres
--

SELECT pg_catalog.setval('public.requisition_request_id_seq', 17, true);


--
-- Name: requisition_requestrevision_id_seq; Type: SEQUENCE SET; Schema: public; Owner: postgres
--

SELECT pg_catalog.setval('public.requisition_requestrevision_id_seq', 1, false);


--
-- Name: auth_group auth_group_name_key; Type: CONSTRAINT; Schema: public; Owner: postgres
--

ALTER TABLE ONLY public.auth_group
    ADD CONSTRAINT auth_group_name_key UNIQUE (name);


--
-- Name: auth_group_permissions auth_group_permissions_group_id_permission_id_0cd325b0_uniq; Type: CONSTRAINT; Schema: public; Owner: postgres
--

ALTER TABLE ONLY public.auth_group_permissions
    ADD CONSTRAINT auth_group_permissions_group_id_permission_id_0cd325b0_uniq UNIQUE (group_id, permission_id);


--
-- Name: auth_group_permissions auth_group_permissions_pkey; Type: CONSTRAINT; Schema: public; Owner: postgres
--

ALTER TABLE ONLY public.auth_group_permissions
    ADD CONSTRAINT auth_group_permissions_pkey PRIMARY KEY (id);


--
-- Name: auth_group auth_group_pkey; Type: CONSTRAINT; Schema: public; Owner: postgres
--

ALTER TABLE ONLY public.auth_group
    ADD CONSTRAINT auth_group_pkey PRIMARY KEY (id);


--
-- Name: auth_permission auth_permission_content_type_id_codename_01ab375a_uniq; Type: CONSTRAINT; Schema: public; Owner: postgres
--

ALTER TABLE ONLY public.auth_permission
    ADD CONSTRAINT auth_permission_content_type_id_codename_01ab375a_uniq UNIQUE (content_type_id, codename);


--
-- Name: auth_permission auth_permission_pkey; Type: CONSTRAINT; Schema: public; Owner: postgres
--

ALTER TABLE ONLY public.auth_permission
    ADD CONSTRAINT auth_permission_pkey PRIMARY KEY (id);


--
-- Name: authentication_passwordresetrequest authentication_passwordresetrequest_pkey; Type: CONSTRAINT; Schema: public; Owner: postgres
--

ALTER TABLE ONLY public.authentication_passwordresetrequest
    ADD CONSTRAINT authentication_passwordresetrequest_pkey PRIMARY KEY (id);


--
-- Name: authentication_user_groups authentication_user_groups_pkey; Type: CONSTRAINT; Schema: public; Owner: postgres
--

ALTER TABLE ONLY public.authentication_user_groups
    ADD CONSTRAINT authentication_user_groups_pkey PRIMARY KEY (id);


--
-- Name: authentication_user_groups authentication_user_groups_user_id_group_id_8af031ac_uniq; Type: CONSTRAINT; Schema: public; Owner: postgres
--

ALTER TABLE ONLY public.authentication_user_groups
    ADD CONSTRAINT authentication_user_groups_user_id_group_id_8af031ac_uniq UNIQUE (user_id, group_id);


--
-- Name: authentication_user authentication_user_pkey; Type: CONSTRAINT; Schema: public; Owner: postgres
--

ALTER TABLE ONLY public.authentication_user
    ADD CONSTRAINT authentication_user_pkey PRIMARY KEY (id);


--
-- Name: authentication_user_user_permissions authentication_user_user_permissions_pkey; Type: CONSTRAINT; Schema: public; Owner: postgres
--

ALTER TABLE ONLY public.authentication_user_user_permissions
    ADD CONSTRAINT authentication_user_user_permissions_pkey PRIMARY KEY (id);


--
-- Name: authentication_user_user_permissions authentication_user_user_user_id_permission_id_ec51b09f_uniq; Type: CONSTRAINT; Schema: public; Owner: postgres
--

ALTER TABLE ONLY public.authentication_user_user_permissions
    ADD CONSTRAINT authentication_user_user_user_id_permission_id_ec51b09f_uniq UNIQUE (user_id, permission_id);


--
-- Name: authentication_user authentication_user_username_key; Type: CONSTRAINT; Schema: public; Owner: postgres
--

ALTER TABLE ONLY public.authentication_user
    ADD CONSTRAINT authentication_user_username_key UNIQUE (username);


--
-- Name: django_admin_log django_admin_log_pkey; Type: CONSTRAINT; Schema: public; Owner: postgres
--

ALTER TABLE ONLY public.django_admin_log
    ADD CONSTRAINT django_admin_log_pkey PRIMARY KEY (id);


--
-- Name: django_content_type django_content_type_app_label_model_76bd3d3b_uniq; Type: CONSTRAINT; Schema: public; Owner: postgres
--

ALTER TABLE ONLY public.django_content_type
    ADD CONSTRAINT django_content_type_app_label_model_76bd3d3b_uniq UNIQUE (app_label, model);


--
-- Name: django_content_type django_content_type_pkey; Type: CONSTRAINT; Schema: public; Owner: postgres
--

ALTER TABLE ONLY public.django_content_type
    ADD CONSTRAINT django_content_type_pkey PRIMARY KEY (id);


--
-- Name: django_migrations django_migrations_pkey; Type: CONSTRAINT; Schema: public; Owner: postgres
--

ALTER TABLE ONLY public.django_migrations
    ADD CONSTRAINT django_migrations_pkey PRIMARY KEY (id);


--
-- Name: django_session django_session_pkey; Type: CONSTRAINT; Schema: public; Owner: postgres
--

ALTER TABLE ONLY public.django_session
    ADD CONSTRAINT django_session_pkey PRIMARY KEY (session_key);


--
-- Name: organization_division organization_division_pkey; Type: CONSTRAINT; Schema: public; Owner: postgres
--

ALTER TABLE ONLY public.organization_division
    ADD CONSTRAINT organization_division_pkey PRIMARY KEY (id);


--
-- Name: organization_division_worksites organization_division_wo_division_id_worksite_id_4cb9d7ed_uniq; Type: CONSTRAINT; Schema: public; Owner: postgres
--

ALTER TABLE ONLY public.organization_division_worksites
    ADD CONSTRAINT organization_division_wo_division_id_worksite_id_4cb9d7ed_uniq UNIQUE (division_id, worksite_id);


--
-- Name: organization_division_worksites organization_division_worksites_pkey; Type: CONSTRAINT; Schema: public; Owner: postgres
--

ALTER TABLE ONLY public.organization_division_worksites
    ADD CONSTRAINT organization_division_worksites_pkey PRIMARY KEY (id);


--
-- Name: organization_worksite organization_worksite_pkey; Type: CONSTRAINT; Schema: public; Owner: postgres
--

ALTER TABLE ONLY public.organization_worksite
    ADD CONSTRAINT organization_worksite_pkey PRIMARY KEY (id);


--
-- Name: procurement_documents procurement_documents_object_name_key; Type: CONSTRAINT; Schema: public; Owner: postgres
--

ALTER TABLE ONLY public.procurement_documents
    ADD CONSTRAINT procurement_documents_object_name_key UNIQUE (object_name);


--
-- Name: procurement_documents procurement_documents_pkey; Type: CONSTRAINT; Schema: public; Owner: postgres
--

ALTER TABLE ONLY public.procurement_documents
    ADD CONSTRAINT procurement_documents_pkey PRIMARY KEY (id);


--
-- Name: requisition_approvalhistory requisition_approvalhistory_pkey; Type: CONSTRAINT; Schema: public; Owner: postgres
--

ALTER TABLE ONLY public.requisition_approvalhistory
    ADD CONSTRAINT requisition_approvalhistory_pkey PRIMARY KEY (id);


--
-- Name: requisition_auditlog requisition_auditlog_pkey; Type: CONSTRAINT; Schema: public; Owner: postgres
--

ALTER TABLE ONLY public.requisition_auditlog
    ADD CONSTRAINT requisition_auditlog_pkey PRIMARY KEY (id);


--
-- Name: requisition_request requisition_request_pkey; Type: CONSTRAINT; Schema: public; Owner: postgres
--

ALTER TABLE ONLY public.requisition_request
    ADD CONSTRAINT requisition_request_pkey PRIMARY KEY (id);


--
-- Name: requisition_request requisition_request_request_number_key; Type: CONSTRAINT; Schema: public; Owner: postgres
--

ALTER TABLE ONLY public.requisition_request
    ADD CONSTRAINT requisition_request_request_number_key UNIQUE (request_number);


--
-- Name: requisition_requestrevision requisition_requestrevision_pkey; Type: CONSTRAINT; Schema: public; Owner: postgres
--

ALTER TABLE ONLY public.requisition_requestrevision
    ADD CONSTRAINT requisition_requestrevision_pkey PRIMARY KEY (id);


--
-- Name: auth_group_name_a6ea08ec_like; Type: INDEX; Schema: public; Owner: postgres
--

CREATE INDEX auth_group_name_a6ea08ec_like ON public.auth_group USING btree (name varchar_pattern_ops);


--
-- Name: auth_group_permissions_group_id_b120cbf9; Type: INDEX; Schema: public; Owner: postgres
--

CREATE INDEX auth_group_permissions_group_id_b120cbf9 ON public.auth_group_permissions USING btree (group_id);


--
-- Name: auth_group_permissions_permission_id_84c5c92e; Type: INDEX; Schema: public; Owner: postgres
--

CREATE INDEX auth_group_permissions_permission_id_84c5c92e ON public.auth_group_permissions USING btree (permission_id);


--
-- Name: auth_permission_content_type_id_2f476e4b; Type: INDEX; Schema: public; Owner: postgres
--

CREATE INDEX auth_permission_content_type_id_2f476e4b ON public.auth_permission USING btree (content_type_id);


--
-- Name: authentication_passwordresetrequest_processed_by_id_d2bbb41a; Type: INDEX; Schema: public; Owner: postgres
--

CREATE INDEX authentication_passwordresetrequest_processed_by_id_d2bbb41a ON public.authentication_passwordresetrequest USING btree (processed_by_id);


--
-- Name: authentication_passwordresetrequest_supervisor_id_42e9aa14; Type: INDEX; Schema: public; Owner: postgres
--

CREATE INDEX authentication_passwordresetrequest_supervisor_id_42e9aa14 ON public.authentication_passwordresetrequest USING btree (supervisor_id);


--
-- Name: authentication_passwordresetrequest_user_id_0c321ace; Type: INDEX; Schema: public; Owner: postgres
--

CREATE INDEX authentication_passwordresetrequest_user_id_0c321ace ON public.authentication_passwordresetrequest USING btree (user_id);


--
-- Name: authentication_user_division_id_97b443d8; Type: INDEX; Schema: public; Owner: postgres
--

CREATE INDEX authentication_user_division_id_97b443d8 ON public.authentication_user USING btree (division_id);


--
-- Name: authentication_user_groups_group_id_6b5c44b7; Type: INDEX; Schema: public; Owner: postgres
--

CREATE INDEX authentication_user_groups_group_id_6b5c44b7 ON public.authentication_user_groups USING btree (group_id);


--
-- Name: authentication_user_groups_user_id_30868577; Type: INDEX; Schema: public; Owner: postgres
--

CREATE INDEX authentication_user_groups_user_id_30868577 ON public.authentication_user_groups USING btree (user_id);


--
-- Name: authentication_user_supervisor_id_dc8022ee; Type: INDEX; Schema: public; Owner: postgres
--

CREATE INDEX authentication_user_supervisor_id_dc8022ee ON public.authentication_user USING btree (supervisor_id);


--
-- Name: authentication_user_user_permissions_permission_id_ea6be19a; Type: INDEX; Schema: public; Owner: postgres
--

CREATE INDEX authentication_user_user_permissions_permission_id_ea6be19a ON public.authentication_user_user_permissions USING btree (permission_id);


--
-- Name: authentication_user_user_permissions_user_id_736ebf7e; Type: INDEX; Schema: public; Owner: postgres
--

CREATE INDEX authentication_user_user_permissions_user_id_736ebf7e ON public.authentication_user_user_permissions USING btree (user_id);


--
-- Name: authentication_user_username_a09a089e_like; Type: INDEX; Schema: public; Owner: postgres
--

CREATE INDEX authentication_user_username_a09a089e_like ON public.authentication_user USING btree (username varchar_pattern_ops);


--
-- Name: authentication_user_worksite_id_50a9ee11; Type: INDEX; Schema: public; Owner: postgres
--

CREATE INDEX authentication_user_worksite_id_50a9ee11 ON public.authentication_user USING btree (worksite_id);


--
-- Name: django_admin_log_content_type_id_c4bce8eb; Type: INDEX; Schema: public; Owner: postgres
--

CREATE INDEX django_admin_log_content_type_id_c4bce8eb ON public.django_admin_log USING btree (content_type_id);


--
-- Name: django_admin_log_user_id_c564eba6; Type: INDEX; Schema: public; Owner: postgres
--

CREATE INDEX django_admin_log_user_id_c564eba6 ON public.django_admin_log USING btree (user_id);


--
-- Name: django_session_expire_date_a5c62663; Type: INDEX; Schema: public; Owner: postgres
--

CREATE INDEX django_session_expire_date_a5c62663 ON public.django_session USING btree (expire_date);


--
-- Name: django_session_session_key_c0390e0f_like; Type: INDEX; Schema: public; Owner: postgres
--

CREATE INDEX django_session_session_key_c0390e0f_like ON public.django_session USING btree (session_key varchar_pattern_ops);


--
-- Name: organization_division_created_by_id_efe9e030; Type: INDEX; Schema: public; Owner: postgres
--

CREATE INDEX organization_division_created_by_id_efe9e030 ON public.organization_division USING btree (created_by_id);


--
-- Name: organization_division_worksites_division_id_ba445702; Type: INDEX; Schema: public; Owner: postgres
--

CREATE INDEX organization_division_worksites_division_id_ba445702 ON public.organization_division_worksites USING btree (division_id);


--
-- Name: organization_division_worksites_worksite_id_51a888be; Type: INDEX; Schema: public; Owner: postgres
--

CREATE INDEX organization_division_worksites_worksite_id_51a888be ON public.organization_division_worksites USING btree (worksite_id);


--
-- Name: organization_worksite_chief_id_fd647493; Type: INDEX; Schema: public; Owner: postgres
--

CREATE INDEX organization_worksite_chief_id_fd647493 ON public.organization_worksite USING btree (chief_id);


--
-- Name: procurement_documents_object_name_9c91aac9_like; Type: INDEX; Schema: public; Owner: postgres
--

CREATE INDEX procurement_documents_object_name_9c91aac9_like ON public.procurement_documents USING btree (object_name varchar_pattern_ops);


--
-- Name: procurement_documents_request_id_36ced07a; Type: INDEX; Schema: public; Owner: postgres
--

CREATE INDEX procurement_documents_request_id_36ced07a ON public.procurement_documents USING btree (request_id);


--
-- Name: procurement_documents_uploaded_by_id_719ef086; Type: INDEX; Schema: public; Owner: postgres
--

CREATE INDEX procurement_documents_uploaded_by_id_719ef086 ON public.procurement_documents USING btree (uploaded_by_id);


--
-- Name: procurement_object__5c5076_idx; Type: INDEX; Schema: public; Owner: postgres
--

CREATE INDEX procurement_object__5c5076_idx ON public.procurement_documents USING btree (object_name);


--
-- Name: procurement_request_df944d_idx; Type: INDEX; Schema: public; Owner: postgres
--

CREATE INDEX procurement_request_df944d_idx ON public.procurement_documents USING btree (request_id, document_type);


--
-- Name: requisition_approvalhistory_request_id_2a745a4f; Type: INDEX; Schema: public; Owner: postgres
--

CREATE INDEX requisition_approvalhistory_request_id_2a745a4f ON public.requisition_approvalhistory USING btree (request_id);


--
-- Name: requisition_approvalhistory_user_id_ada42598; Type: INDEX; Schema: public; Owner: postgres
--

CREATE INDEX requisition_approvalhistory_user_id_ada42598 ON public.requisition_approvalhistory USING btree (user_id);


--
-- Name: requisition_auditlog_user_id_90b65a88; Type: INDEX; Schema: public; Owner: postgres
--

CREATE INDEX requisition_auditlog_user_id_90b65a88 ON public.requisition_auditlog USING btree (user_id);


--
-- Name: requisition_request_created_by_id_a4cf860f; Type: INDEX; Schema: public; Owner: postgres
--

CREATE INDEX requisition_request_created_by_id_a4cf860f ON public.requisition_request USING btree (created_by_id);


--
-- Name: requisition_request_current_approver_id_ea26fd8e; Type: INDEX; Schema: public; Owner: postgres
--

CREATE INDEX requisition_request_current_approver_id_ea26fd8e ON public.requisition_request USING btree (current_approver_id);


--
-- Name: requisition_request_final_approver_id_1c8d35e9; Type: INDEX; Schema: public; Owner: postgres
--

CREATE INDEX requisition_request_final_approver_id_1c8d35e9 ON public.requisition_request USING btree (final_approver_id);


--
-- Name: requisition_request_request_number_fa54286c_like; Type: INDEX; Schema: public; Owner: postgres
--

CREATE INDEX requisition_request_request_number_fa54286c_like ON public.requisition_request USING btree (request_number varchar_pattern_ops);


--
-- Name: requisition_requestrevision_request_id_d376f016; Type: INDEX; Schema: public; Owner: postgres
--

CREATE INDEX requisition_requestrevision_request_id_d376f016 ON public.requisition_requestrevision USING btree (request_id);


--
-- Name: requisition_requestrevision_requested_by_id_151911e9; Type: INDEX; Schema: public; Owner: postgres
--

CREATE INDEX requisition_requestrevision_requested_by_id_151911e9 ON public.requisition_requestrevision USING btree (requested_by_id);


--
-- Name: requisition_requestrevision_revised_by_id_b715dc0e; Type: INDEX; Schema: public; Owner: postgres
--

CREATE INDEX requisition_requestrevision_revised_by_id_b715dc0e ON public.requisition_requestrevision USING btree (revised_by_id);


--
-- Name: auth_group_permissions auth_group_permissio_permission_id_84c5c92e_fk_auth_perm; Type: FK CONSTRAINT; Schema: public; Owner: postgres
--

ALTER TABLE ONLY public.auth_group_permissions
    ADD CONSTRAINT auth_group_permissio_permission_id_84c5c92e_fk_auth_perm FOREIGN KEY (permission_id) REFERENCES public.auth_permission(id) DEFERRABLE INITIALLY DEFERRED;


--
-- Name: auth_group_permissions auth_group_permissions_group_id_b120cbf9_fk_auth_group_id; Type: FK CONSTRAINT; Schema: public; Owner: postgres
--

ALTER TABLE ONLY public.auth_group_permissions
    ADD CONSTRAINT auth_group_permissions_group_id_b120cbf9_fk_auth_group_id FOREIGN KEY (group_id) REFERENCES public.auth_group(id) DEFERRABLE INITIALLY DEFERRED;


--
-- Name: auth_permission auth_permission_content_type_id_2f476e4b_fk_django_co; Type: FK CONSTRAINT; Schema: public; Owner: postgres
--

ALTER TABLE ONLY public.auth_permission
    ADD CONSTRAINT auth_permission_content_type_id_2f476e4b_fk_django_co FOREIGN KEY (content_type_id) REFERENCES public.django_content_type(id) DEFERRABLE INITIALLY DEFERRED;


--
-- Name: authentication_passwordresetrequest authentication_passw_processed_by_id_d2bbb41a_fk_authentic; Type: FK CONSTRAINT; Schema: public; Owner: postgres
--

ALTER TABLE ONLY public.authentication_passwordresetrequest
    ADD CONSTRAINT authentication_passw_processed_by_id_d2bbb41a_fk_authentic FOREIGN KEY (processed_by_id) REFERENCES public.authentication_user(id) DEFERRABLE INITIALLY DEFERRED;


--
-- Name: authentication_passwordresetrequest authentication_passw_supervisor_id_42e9aa14_fk_authentic; Type: FK CONSTRAINT; Schema: public; Owner: postgres
--

ALTER TABLE ONLY public.authentication_passwordresetrequest
    ADD CONSTRAINT authentication_passw_supervisor_id_42e9aa14_fk_authentic FOREIGN KEY (supervisor_id) REFERENCES public.authentication_user(id) DEFERRABLE INITIALLY DEFERRED;


--
-- Name: authentication_passwordresetrequest authentication_passw_user_id_0c321ace_fk_authentic; Type: FK CONSTRAINT; Schema: public; Owner: postgres
--

ALTER TABLE ONLY public.authentication_passwordresetrequest
    ADD CONSTRAINT authentication_passw_user_id_0c321ace_fk_authentic FOREIGN KEY (user_id) REFERENCES public.authentication_user(id) DEFERRABLE INITIALLY DEFERRED;


--
-- Name: authentication_user_user_permissions authentication_user__permission_id_ea6be19a_fk_auth_perm; Type: FK CONSTRAINT; Schema: public; Owner: postgres
--

ALTER TABLE ONLY public.authentication_user_user_permissions
    ADD CONSTRAINT authentication_user__permission_id_ea6be19a_fk_auth_perm FOREIGN KEY (permission_id) REFERENCES public.auth_permission(id) DEFERRABLE INITIALLY DEFERRED;


--
-- Name: authentication_user_groups authentication_user__user_id_30868577_fk_authentic; Type: FK CONSTRAINT; Schema: public; Owner: postgres
--

ALTER TABLE ONLY public.authentication_user_groups
    ADD CONSTRAINT authentication_user__user_id_30868577_fk_authentic FOREIGN KEY (user_id) REFERENCES public.authentication_user(id) DEFERRABLE INITIALLY DEFERRED;


--
-- Name: authentication_user_user_permissions authentication_user__user_id_736ebf7e_fk_authentic; Type: FK CONSTRAINT; Schema: public; Owner: postgres
--

ALTER TABLE ONLY public.authentication_user_user_permissions
    ADD CONSTRAINT authentication_user__user_id_736ebf7e_fk_authentic FOREIGN KEY (user_id) REFERENCES public.authentication_user(id) DEFERRABLE INITIALLY DEFERRED;


--
-- Name: authentication_user authentication_user_division_id_97b443d8_fk_organizat; Type: FK CONSTRAINT; Schema: public; Owner: postgres
--

ALTER TABLE ONLY public.authentication_user
    ADD CONSTRAINT authentication_user_division_id_97b443d8_fk_organizat FOREIGN KEY (division_id) REFERENCES public.organization_division(id) DEFERRABLE INITIALLY DEFERRED;


--
-- Name: authentication_user_groups authentication_user_groups_group_id_6b5c44b7_fk_auth_group_id; Type: FK CONSTRAINT; Schema: public; Owner: postgres
--

ALTER TABLE ONLY public.authentication_user_groups
    ADD CONSTRAINT authentication_user_groups_group_id_6b5c44b7_fk_auth_group_id FOREIGN KEY (group_id) REFERENCES public.auth_group(id) DEFERRABLE INITIALLY DEFERRED;


--
-- Name: authentication_user authentication_user_supervisor_id_dc8022ee_fk_authentic; Type: FK CONSTRAINT; Schema: public; Owner: postgres
--

ALTER TABLE ONLY public.authentication_user
    ADD CONSTRAINT authentication_user_supervisor_id_dc8022ee_fk_authentic FOREIGN KEY (supervisor_id) REFERENCES public.authentication_user(id) DEFERRABLE INITIALLY DEFERRED;


--
-- Name: authentication_user authentication_user_worksite_id_50a9ee11_fk_organizat; Type: FK CONSTRAINT; Schema: public; Owner: postgres
--

ALTER TABLE ONLY public.authentication_user
    ADD CONSTRAINT authentication_user_worksite_id_50a9ee11_fk_organizat FOREIGN KEY (worksite_id) REFERENCES public.organization_worksite(id) DEFERRABLE INITIALLY DEFERRED;


--
-- Name: django_admin_log django_admin_log_content_type_id_c4bce8eb_fk_django_co; Type: FK CONSTRAINT; Schema: public; Owner: postgres
--

ALTER TABLE ONLY public.django_admin_log
    ADD CONSTRAINT django_admin_log_content_type_id_c4bce8eb_fk_django_co FOREIGN KEY (content_type_id) REFERENCES public.django_content_type(id) DEFERRABLE INITIALLY DEFERRED;


--
-- Name: django_admin_log django_admin_log_user_id_c564eba6_fk_authentication_user_id; Type: FK CONSTRAINT; Schema: public; Owner: postgres
--

ALTER TABLE ONLY public.django_admin_log
    ADD CONSTRAINT django_admin_log_user_id_c564eba6_fk_authentication_user_id FOREIGN KEY (user_id) REFERENCES public.authentication_user(id) DEFERRABLE INITIALLY DEFERRED;


--
-- Name: organization_division organization_divisio_created_by_id_efe9e030_fk_authentic; Type: FK CONSTRAINT; Schema: public; Owner: postgres
--

ALTER TABLE ONLY public.organization_division
    ADD CONSTRAINT organization_divisio_created_by_id_efe9e030_fk_authentic FOREIGN KEY (created_by_id) REFERENCES public.authentication_user(id) DEFERRABLE INITIALLY DEFERRED;


--
-- Name: organization_division_worksites organization_divisio_division_id_ba445702_fk_organizat; Type: FK CONSTRAINT; Schema: public; Owner: postgres
--

ALTER TABLE ONLY public.organization_division_worksites
    ADD CONSTRAINT organization_divisio_division_id_ba445702_fk_organizat FOREIGN KEY (division_id) REFERENCES public.organization_division(id) DEFERRABLE INITIALLY DEFERRED;


--
-- Name: organization_division_worksites organization_divisio_worksite_id_51a888be_fk_organizat; Type: FK CONSTRAINT; Schema: public; Owner: postgres
--

ALTER TABLE ONLY public.organization_division_worksites
    ADD CONSTRAINT organization_divisio_worksite_id_51a888be_fk_organizat FOREIGN KEY (worksite_id) REFERENCES public.organization_worksite(id) DEFERRABLE INITIALLY DEFERRED;


--
-- Name: organization_worksite organization_worksit_chief_id_fd647493_fk_authentic; Type: FK CONSTRAINT; Schema: public; Owner: postgres
--

ALTER TABLE ONLY public.organization_worksite
    ADD CONSTRAINT organization_worksit_chief_id_fd647493_fk_authentic FOREIGN KEY (chief_id) REFERENCES public.authentication_user(id) DEFERRABLE INITIALLY DEFERRED;


--
-- Name: procurement_documents procurement_document_request_id_36ced07a_fk_requisiti; Type: FK CONSTRAINT; Schema: public; Owner: postgres
--

ALTER TABLE ONLY public.procurement_documents
    ADD CONSTRAINT procurement_document_request_id_36ced07a_fk_requisiti FOREIGN KEY (request_id) REFERENCES public.requisition_request(id) DEFERRABLE INITIALLY DEFERRED;


--
-- Name: procurement_documents procurement_document_uploaded_by_id_719ef086_fk_authentic; Type: FK CONSTRAINT; Schema: public; Owner: postgres
--

ALTER TABLE ONLY public.procurement_documents
    ADD CONSTRAINT procurement_document_uploaded_by_id_719ef086_fk_authentic FOREIGN KEY (uploaded_by_id) REFERENCES public.authentication_user(id) DEFERRABLE INITIALLY DEFERRED;


--
-- Name: requisition_approvalhistory requisition_approval_request_id_2a745a4f_fk_requisiti; Type: FK CONSTRAINT; Schema: public; Owner: postgres
--

ALTER TABLE ONLY public.requisition_approvalhistory
    ADD CONSTRAINT requisition_approval_request_id_2a745a4f_fk_requisiti FOREIGN KEY (request_id) REFERENCES public.requisition_request(id) DEFERRABLE INITIALLY DEFERRED;


--
-- Name: requisition_approvalhistory requisition_approval_user_id_ada42598_fk_authentic; Type: FK CONSTRAINT; Schema: public; Owner: postgres
--

ALTER TABLE ONLY public.requisition_approvalhistory
    ADD CONSTRAINT requisition_approval_user_id_ada42598_fk_authentic FOREIGN KEY (user_id) REFERENCES public.authentication_user(id) DEFERRABLE INITIALLY DEFERRED;


--
-- Name: requisition_auditlog requisition_auditlog_user_id_90b65a88_fk_authentication_user_id; Type: FK CONSTRAINT; Schema: public; Owner: postgres
--

ALTER TABLE ONLY public.requisition_auditlog
    ADD CONSTRAINT requisition_auditlog_user_id_90b65a88_fk_authentication_user_id FOREIGN KEY (user_id) REFERENCES public.authentication_user(id) DEFERRABLE INITIALLY DEFERRED;


--
-- Name: requisition_request requisition_request_created_by_id_a4cf860f_fk_authentic; Type: FK CONSTRAINT; Schema: public; Owner: postgres
--

ALTER TABLE ONLY public.requisition_request
    ADD CONSTRAINT requisition_request_created_by_id_a4cf860f_fk_authentic FOREIGN KEY (created_by_id) REFERENCES public.authentication_user(id) DEFERRABLE INITIALLY DEFERRED;


--
-- Name: requisition_request requisition_request_current_approver_id_ea26fd8e_fk_authentic; Type: FK CONSTRAINT; Schema: public; Owner: postgres
--

ALTER TABLE ONLY public.requisition_request
    ADD CONSTRAINT requisition_request_current_approver_id_ea26fd8e_fk_authentic FOREIGN KEY (current_approver_id) REFERENCES public.authentication_user(id) DEFERRABLE INITIALLY DEFERRED;


--
-- Name: requisition_request requisition_request_final_approver_id_1c8d35e9_fk_authentic; Type: FK CONSTRAINT; Schema: public; Owner: postgres
--

ALTER TABLE ONLY public.requisition_request
    ADD CONSTRAINT requisition_request_final_approver_id_1c8d35e9_fk_authentic FOREIGN KEY (final_approver_id) REFERENCES public.authentication_user(id) DEFERRABLE INITIALLY DEFERRED;


--
-- Name: requisition_requestrevision requisition_requestr_request_id_d376f016_fk_requisiti; Type: FK CONSTRAINT; Schema: public; Owner: postgres
--

ALTER TABLE ONLY public.requisition_requestrevision
    ADD CONSTRAINT requisition_requestr_request_id_d376f016_fk_requisiti FOREIGN KEY (request_id) REFERENCES public.requisition_request(id) DEFERRABLE INITIALLY DEFERRED;


--
-- Name: requisition_requestrevision requisition_requestr_requested_by_id_151911e9_fk_authentic; Type: FK CONSTRAINT; Schema: public; Owner: postgres
--

ALTER TABLE ONLY public.requisition_requestrevision
    ADD CONSTRAINT requisition_requestr_requested_by_id_151911e9_fk_authentic FOREIGN KEY (requested_by_id) REFERENCES public.authentication_user(id) DEFERRABLE INITIALLY DEFERRED;


--
-- Name: requisition_requestrevision requisition_requestr_revised_by_id_b715dc0e_fk_authentic; Type: FK CONSTRAINT; Schema: public; Owner: postgres
--

ALTER TABLE ONLY public.requisition_requestrevision
    ADD CONSTRAINT requisition_requestr_revised_by_id_b715dc0e_fk_authentic FOREIGN KEY (revised_by_id) REFERENCES public.authentication_user(id) DEFERRABLE INITIALLY DEFERRED;


--
-- Name: SCHEMA public; Type: ACL; Schema: -; Owner: postgres
--

REVOKE USAGE ON SCHEMA public FROM PUBLIC;
GRANT ALL ON SCHEMA public TO PUBLIC;


--
-- PostgreSQL database dump complete
--

